4,-35,pd460iK42C13Em0RWfqhG3S4AZM=,rXCtJ9R/0Qu2D0EkMcv0My7h7yY=
3,-35,pd460iK42C13Em0RWfqhG3S4AZM=,031X1pLWX8EtnT+ylvoAwItNyyw=
3,-34,pd460iK42C13Em0RWfqhG3S4AZM=,GqmY8bxzmqtUD6Nh/zpe/Nd0kEA=
4,-34,pd460iK42C13Em0RWfqhG3S4AZM=,bSKAo4nudIdGfT7ej4FFIR55aYs=
3,-37,pd460iK42C13Em0RWfqhG3S4AZM=,ZYUj0KOAnxyoRF3YQWOtoP1VolA=
2,-38,pd460iK42C13Em0RWfqhG3S4AZM=,ZYUj0KOAnxyoRF3YQWOtoP1VolA=
2,-39,pd460iK42C13Em0RWfqhG3S4AZM=,vonzp40JOcgTNw/mmV5FXXLz9a8=
4,-36,pd460iK42C13Em0RWfqhG3S4AZM=,rXCtJ9R/0Qu2D0EkMcv0My7h7yY=
3,-36,pd460iK42C13Em0RWfqhG3S4AZM=,031X1pLWX8EtnT+ylvoAwItNyyw=
3,-38,pd460iK42C13Em0RWfqhG3S4AZM=,ZYUj0KOAnxyoRF3YQWOtoP1VolA=
3,-39,pd460iK42C13Em0RWfqhG3S4AZM=,vonzp40JOcgTNw/mmV5FXXLz9a8=
4,-33,pd460iK42C13Em0RWfqhG3S4AZM=,bSKAo4nudIdGfT7ej4FFIR55aYs=
3,-33,pd460iK42C13Em0RWfqhG3S4AZM=,GqmY8bxzmqtUD6Nh/zpe/Nd0kEA=
6,-35,pd460iK42C13Em0RWfqhG3S4AZM=,zQmQu1zE4NpQpST0TtCNGgruTfk=
5,-34,pd460iK42C13Em0RWfqhG3S4AZM=,bSKAo4nudIdGfT7ej4FFIR55aYs=
6,-36,pd460iK42C13Em0RWfqhG3S4AZM=,zQmQu1zE4NpQpST0TtCNGgruTfk=
6,-39,pd460iK42C13Em0RWfqhG3S4AZM=,eQBnHng/skZTme+nmQY76dXdjsE=
5,-36,pd460iK42C13Em0RWfqhG3S4AZM=,rXCtJ9R/0Qu2D0EkMcv0My7h7yY=
5,-35,pd460iK42C13Em0RWfqhG3S4AZM=,rXCtJ9R/0Qu2D0EkMcv0My7h7yY=
6,-44,pd460iK42C13Em0RWfqhG3S4AZM=,F8DWEetpXUQ572Ylj7r8Q9ZIvGg=
7,-44,pd460iK42C13Em0RWfqhG3S4AZM=,F8DWEetpXUQ572Ylj7r8Q9ZIvGg=
6,-42,pd460iK42C13Em0RWfqhG3S4AZM=,G3/NKrWVLr2xInn7Ew9kQMJT3fE=
7,-42,pd460iK42C13Em0RWfqhG3S4AZM=,G3/NKrWVLr2xInn7Ew9kQMJT3fE=
7,-40,pd460iK42C13Em0RWfqhG3S4AZM=,eQBnHng/skZTme+nmQY76dXdjsE=
7,-43,pd460iK42C13Em0RWfqhG3S4AZM=,F8DWEetpXUQ572Ylj7r8Q9ZIvGg=
6,-41,pd460iK42C13Em0RWfqhG3S4AZM=,G3/NKrWVLr2xInn7Ew9kQMJT3fE=
7,-41,pd460iK42C13Em0RWfqhG3S4AZM=,G3/NKrWVLr2xInn7Ew9kQMJT3fE=
6,-40,pd460iK42C13Em0RWfqhG3S4AZM=,eQBnHng/skZTme+nmQY76dXdjsE=
6,-43,pd460iK42C13Em0RWfqhG3S4AZM=,F8DWEetpXUQ572Ylj7r8Q9ZIvGg=
7,-39,pd460iK42C13Em0RWfqhG3S4AZM=,eQBnHng/skZTme+nmQY76dXdjsE=
2,-36,pd460iK42C13Em0RWfqhG3S4AZM=,031X1pLWX8EtnT+ylvoAwItNyyw=
2,-34,pd460iK42C13Em0RWfqhG3S4AZM=,GqmY8bxzmqtUD6Nh/zpe/Nd0kEA=
2,-35,pd460iK42C13Em0RWfqhG3S4AZM=,031X1pLWX8EtnT+ylvoAwItNyyw=
2,-37,pd460iK42C13Em0RWfqhG3S4AZM=,ZYUj0KOAnxyoRF3YQWOtoP1VolA=
2,-33,pd460iK42C13Em0RWfqhG3S4AZM=,GqmY8bxzmqtUD6Nh/zpe/Nd0kEA=
3,-40,pd460iK42C13Em0RWfqhG3S4AZM=,vonzp40JOcgTNw/mmV5FXXLz9a8=
7,-36,pd460iK42C13Em0RWfqhG3S4AZM=,zQmQu1zE4NpQpST0TtCNGgruTfk=
7,-35,pd460iK42C13Em0RWfqhG3S4AZM=,zQmQu1zE4NpQpST0TtCNGgruTfk=
2,-40,pd460iK42C13Em0RWfqhG3S4AZM=,vonzp40JOcgTNw/mmV5FXXLz9a8=
5,-33,pd460iK42C13Em0RWfqhG3S4AZM=,bSKAo4nudIdGfT7ej4FFIR55aYs=
