-3,-3,xS3TgCHqUauFgYHQOB9RSf26fxw=,mGo3Doyl7YNvyiofg9p2RrAr5eA=
-2,-3,xS3TgCHqUauFgYHQOB9RSf26fxw=,UDrxcSYikZYn/oAH7/tvZw+qR/A=
-3,-2,xS3TgCHqUauFgYHQOB9RSf26fxw=,Q7cNV28E8IA6uci89RaETb/LbCM=
-2,-2,xS3TgCHqUauFgYHQOB9RSf26fxw=,eAcbd7cmE9IOyLrZVmYufp5KIEI=
-1,-2,xS3TgCHqUauFgYHQOB9RSf26fxw=,xDb2Hb3KVFHQf8rQJA9/aE8GHGU=
-9,-1,xS3TgCHqUauFgYHQOB9RSf26fxw=,w4O6ceWtrbr6FfeZFhodEZ30qOs=
-8,-1,xS3TgCHqUauFgYHQOB9RSf26fxw=,RFnazJmIRxnFMePkEmLyjMg0NPQ=
-7,-1,xS3TgCHqUauFgYHQOB9RSf26fxw=,xcD7ap+1hUov2evBduYS/hgQS2E=
-6,-1,xS3TgCHqUauFgYHQOB9RSf26fxw=,7FNYz6f2VMrOa4f+wI+mLODeuME=
-5,-1,xS3TgCHqUauFgYHQOB9RSf26fxw=,612IJIc1RA2PiG21UQkAWsWUBLs=
-4,-1,xS3TgCHqUauFgYHQOB9RSf26fxw=,w4O6ceWtrbr6FfeZFhodEZ30qOs=
-3,-1,wp1ew1yPtHJE/LTFKvwKbO3B3s8=,w4O6ceWtrbr6FfeZFhodEZ30qOs=
-2,-1,wp1ew1yPtHJE/LTFKvwKbO3B3s8=,kH24pCRL5Rv33E9pJKKAS8aOfxc=
-1,-1,wp1ew1yPtHJE/LTFKvwKbO3B3s8=,MbAkytG0/MiNSrg35cjJjaG9nhA=
